,Title,Price,Scraped_Time
0,A Light in the Attic,51.77,07-08-26 15:09:40
1,Tipping the Velvet,53.74,07-08-26 15:09:40
2,Soumission,50.1,07-08-26 15:09:40
3,Sharp Objects,47.82,07-08-26 15:09:40
4,Sapiens: A Brief History of Humankind,54.23,07-08-26 15:09:40
5,The Requiem Red,22.65,07-08-26 15:09:40
6,The Dirty Little Secrets of Getting Your Dream Job,33.34,07-08-26 15:09:40
7,"The Coming Woman: A Novel Based on the Life of the Infamous Feminist, Victoria Woodhull",17.93,07-08-26 15:09:40
8,The Boys in the Boat: Nine Americans and Their Epic Quest for Gold at the 1936 Berlin Olympics,22.6,07-08-26 15:09:40
9,The Black Maria,52.15,07-08-26 15:09:40
10,"Starving Hearts (Triangular Trade Trilogy, #1)",13.99,07-08-26 15:09:40
11,Shakespeare's Sonnets,20.66,07-08-26 15:09:40
12,Set Me Free,17.46,07-08-26 15:09:40
13,Scott Pilgrim's Precious Little Life (Scott Pilgrim #1),52.29,07-08-26 15:09:40
14,Rip it Up and Start Again,35.02,07-08-26 15:09:40
15,"Our Band Could Be Your Life: Scenes from the American Indie Underground, 1981-1991",57.25,07-08-26 15:09:40
16,Olio,23.88,07-08-26 15:09:40
17,Mesaerion: The Best Science Fiction Stories 1800-1849,37.59,07-08-26 15:09:40
18,Libertarianism for Beginners,51.33,07-08-26 15:09:40
19,It's Only the Himalayas,45.17,07-08-26 15:09:40
20,In Her Wake,12.84,07-08-26 15:09:41
21,How Music Works,37.32,07-08-26 15:09:41
22,"Foolproof Preserving: A Guide to Small Batch Jams, Jellies, Pickles, Condiments, and More: A Foolproof Guide to Making Small Batch Jams, Jellies, Pickles, Condiments, and More",30.52,07-08-26 15:09:41
23,Chase Me (Paris Nights #2),25.27,07-08-26 15:09:41
24,Black Dust,34.53,07-08-26 15:09:41
25,Birdsong: A Story in Pictures,54.64,07-08-26 15:09:41
26,America's Cradle of Quarterbacks: Western Pennsylvania's Football Factory from Johnny Unitas to Joe Montana,22.5,07-08-26 15:09:41
27,Aladdin and His Wonderful Lamp,53.13,07-08-26 15:09:41
28,Worlds Elsewhere: Journeys Around Shakespeare’s Globe,40.3,07-08-26 15:09:41
29,Wall and Piece,44.18,07-08-26 15:09:41
30,The Four Agreements: A Practical Guide to Personal Freedom,17.66,07-08-26 15:09:41
31,The Five Love Languages: How to Express Heartfelt Commitment to Your Mate,31.05,07-08-26 15:09:41
32,The Elephant Tree,23.82,07-08-26 15:09:41
33,The Bear and the Piano,36.89,07-08-26 15:09:41
34,Sophie's World,15.94,07-08-26 15:09:41
35,Penny Maybe,33.29,07-08-26 15:09:41
36,Maude (1883-1993):She Grew Up with the country,18.02,07-08-26 15:09:41
37,"In a Dark, Dark Wood",19.63,07-08-26 15:09:41
38,Behind Closed Doors,52.22,07-08-26 15:09:41
39,You can't bury them all: Poems,33.63,07-08-26 15:09:41
40,Slow States of Collapse: Poems,57.31,07-08-26 15:09:42
41,Reasons to Stay Alive,26.41,07-08-26 15:09:42
42,Private Paris (Private #10),47.61,07-08-26 15:09:42
43,#HigherSelfie: Wake Up Your Life. Free Your Soul. Find Your Tribe.,23.11,07-08-26 15:09:42
44,Without Borders (Wanderlove #1),45.07,07-08-26 15:09:42
45,When We Collided,31.77,07-08-26 15:09:42
46,"We Love You, Charlie Freeman",50.27,07-08-26 15:09:42
47,Untitled Collection: Sabbath Poems 2014,14.27,07-08-26 15:09:42
48,"Unseen City: The Majesty of Pigeons, the Discreet Charm of Snails & Other Wonders of the Urban Wilderness",44.18,07-08-26 15:09:42
49,Unicorn Tracks,18.78,07-08-26 15:09:42
50,"Unbound: How Eight Technologies Made Us Human, Transformed Society, and Brought Our World to the Brink",25.52,07-08-26 15:09:42
51,Tsubasa: WoRLD CHRoNiCLE 2 (Tsubasa WoRLD CHRoNiCLE #2),16.28,07-08-26 15:09:42
52,Throwing Rocks at the Google Bus: How Growth Became the Enemy of Prosperity,31.12,07-08-26 15:09:42
53,This One Summer,19.49,07-08-26 15:09:42
54,Thirst,17.27,07-08-26 15:09:42
55,The Torch Is Passed: A Harding Family Story,19.09,07-08-26 15:09:42
56,The Secret of Dreadwillow Carse,56.13,07-08-26 15:09:42
57,"The Pioneer Woman Cooks: Dinnertime: Comfort Classics, Freezer Food, 16-Minute Meals, and Other Delicious Ways to Solve Supper!",56.41,07-08-26 15:09:42
58,The Past Never Ends,56.5,07-08-26 15:09:42
59,The Natural History of Us (The Fine Art of Pretending #2),45.22,07-08-26 15:09:42
60,The Nameless City (The Nameless City #1),38.16,07-08-26 15:09:42
61,The Murder That Never Was (Forensic Instincts #5),54.11,07-08-26 15:09:42
62,The Most Perfect Thing: Inside (and Outside) a Bird's Egg,42.96,07-08-26 15:09:42
63,"The Mindfulness and Acceptance Workbook for Anxiety: A Guide to Breaking Free from Anxiety, Phobias, and Worry Using Acceptance and Commitment Therapy",23.89,07-08-26 15:09:42
64,The Life-Changing Magic of Tidying Up: The Japanese Art of Decluttering and Organizing,16.77,07-08-26 15:09:42
65,"The Inefficiency Assassin: Time Management Tactics for Working Smarter, Not Longer",20.59,07-08-26 15:09:42
66,The Gutsy Girl: Escapades for Your Life of Epic Adventure,37.13,07-08-26 15:09:42
67,The Electric Pencil: Drawings from Inside State Hospital No. 3,56.06,07-08-26 15:09:42
68,The Death of Humanity: and the Case for Life,58.11,07-08-26 15:09:42
69,"The Bulletproof Diet: Lose up to a Pound a Day, Reclaim Energy and Focus, Upgrade Your Life",49.05,07-08-26 15:09:42
70,The Art Forger,40.76,07-08-26 15:09:42
71,The Age of Genius: The Seventeenth Century and the Birth of the Modern Mind,19.73,07-08-26 15:09:42
72,The Activist's Tao Te Ching: Ancient Advice for a Modern Revolution,32.24,07-08-26 15:09:42
73,Spark Joy: An Illustrated Master Class on the Art of Organizing and Tidying Up,41.83,07-08-26 15:09:42
74,Soul Reader,39.58,07-08-26 15:09:42
75,Security,39.25,07-08-26 15:09:42
76,"Saga, Volume 6 (Saga (Collected Editions) #6)",25.02,07-08-26 15:09:42
77,"Saga, Volume 5 (Saga (Collected Editions) #5)",51.04,07-08-26 15:09:42
78,Reskilling America: Learning to Labor in the Twenty-First Century,19.83,07-08-26 15:09:42
79,"Rat Queens, Vol. 3: Demons (Rat Queens (Collected Editions) #11-15)",50.4,07-08-26 15:09:42
80,"Princess Jellyfish 2-in-1 Omnibus, Vol. 01 (Princess Jellyfish 2-in-1 Omnibus #1)",13.61,07-08-26 15:09:43
81,Princess Between Worlds (Wide-Awake Princess #5),13.34,07-08-26 15:09:43
82,"Pop Gun War, Volume 1: Gift",18.97,07-08-26 15:09:43
83,"Political Suicide: Missteps, Peccadilloes, Bad Calls, Backroom Hijinx, Sordid Pasts, Rotten Breaks, and Just Plain Dumb Mistakes in the Annals of American Politics",36.28,07-08-26 15:09:43
84,Patience,10.16,07-08-26 15:09:43
85,"Outcast, Vol. 1: A Darkness Surrounds Him (Outcast #1)",15.44,07-08-26 15:09:43
86,orange: The Complete Collection 1 (orange: The Complete Collection #1),48.41,07-08-26 15:09:43
87,Online Marketing for Busy Authors: A Step-By-Step Guide,46.35,07-08-26 15:09:43
88,On a Midnight Clear,14.07,07-08-26 15:09:43
89,Obsidian (Lux #1),14.86,07-08-26 15:09:43
90,My Paris Kitchen: Recipes and Stories,33.37,07-08-26 15:09:43
91,Masks and Shadows,56.4,07-08-26 15:09:43
92,"Mama Tried: Traditional Italian Cooking for the Screwed, Crude, Vegan, and Tattooed",14.02,07-08-26 15:09:43
93,"Lumberjanes, Vol. 2: Friendship to the Max (Lumberjanes #5-8)",46.91,07-08-26 15:09:43
94,"Lumberjanes, Vol. 1: Beware the Kitten Holy (Lumberjanes #1-4)",45.61,07-08-26 15:09:43
95,Lumberjanes Vol. 3: A Terrible Plan (Lumberjanes #9-12),19.92,07-08-26 15:09:43
96,"Layered: Baking, Building, and Styling Spectacular Cakes",40.11,07-08-26 15:09:43
97,Judo: Seven Steps to Black Belt (an Introductory Guide for Beginners),53.9,07-08-26 15:09:43
98,Join,35.67,07-08-26 15:09:43
99,In the Country We Love: My Family Divided,22.0,07-08-26 15:09:43
100,Immunity: How Elie Metchnikoff Changed the Course of Modern Medicine,57.36,07-08-26 15:09:44
101,"I Hate Fairyland, Vol. 1: Madly Ever After (I Hate Fairyland (Compilations) #1-5)",29.17,07-08-26 15:09:44
102,I am a Hero Omnibus Volume 1,54.63,07-08-26 15:09:44
103,How to Be Miserable: 40 Strategies You Already Use,46.03,07-08-26 15:09:44
104,Her Backup Boyfriend (The Sorensen Family #1),33.97,07-08-26 15:09:44
105,"Giant Days, Vol. 2 (Giant Days #5-8)",22.11,07-08-26 15:09:44
106,Forever and Forever: The Courtship of Henry Longfellow and Fanny Appleton,29.69,07-08-26 15:09:44
107,First and First (Five Boroughs #3),15.97,07-08-26 15:09:44
108,Fifty Shades Darker (Fifty Shades #2),21.96,07-08-26 15:09:44
109,Everydata: The Misinformation Hidden in the Little Data You Consume Every Day,54.35,07-08-26 15:09:44
110,"Don't Be a Jerk: And Other Practical Advice from Dogen, Japan's Greatest Zen Master",37.97,07-08-26 15:09:44
111,Danganronpa Volume 1,51.99,07-08-26 15:09:44
112,Crown of Midnight (Throne of Glass #2),43.29,07-08-26 15:09:44
113,"Codename Baboushka, Volume 1: The Conclave of Death",36.72,07-08-26 15:09:44
114,Camp Midnight,17.08,07-08-26 15:09:44
115,Call the Nurse: True Stories of a Country Nurse on a Scottish Isle,29.14,07-08-26 15:09:44
116,Burning,28.81,07-08-26 15:09:44
117,Bossypants,49.46,07-08-26 15:09:44
118,"Bitch Planet, Vol. 1: Extraordinary Machine (Bitch Planet (Collected Editions))",37.92,07-08-26 15:09:44
119,"Avatar: The Last Airbender: Smoke and Shadow, Part 3 (Smoke and Shadow #3)",28.09,07-08-26 15:09:44
120,Algorithms to Live By: The Computer Science of Human Decisions,30.81,07-08-26 15:09:45
121,A World of Flavor: Your Gluten Free Passport,42.95,07-08-26 15:09:45
122,"A Piece of Sky, a Grain of Rice: A Memoir in Four Meditations",56.76,07-08-26 15:09:45
123,A Murder in Time,16.64,07-08-26 15:09:45
124,A Flight of Arrows (The Pathfinders #2),55.53,07-08-26 15:09:45
125,A Fierce and Subtle Poison,28.13,07-08-26 15:09:45
126,A Court of Thorns and Roses (A Court of Thorns and Roses #1),52.37,07-08-26 15:09:45
127,(Un)Qualified: How God Uses Broken People to Do Big Things,54.0,07-08-26 15:09:45
128,You Are What You Love: The Spiritual Power of Habit,21.87,07-08-26 15:09:45
129,"William Shakespeare's Star Wars: Verily, A New Hope (William Shakespeare's Star Wars #4)",43.3,07-08-26 15:09:45
130,Tuesday Nights in 1980,21.04,07-08-26 15:09:45
131,Tracing Numbers on a Train,41.6,07-08-26 15:09:45
132,Throne of Glass (Throne of Glass #1),35.07,07-08-26 15:09:45
133,Thomas Jefferson and the Tripoli Pirates: The Forgotten War That Changed American History,59.64,07-08-26 15:09:45
134,Thirteen Reasons Why,52.72,07-08-26 15:09:45
135,The White Cat and the Monk: A Retelling of the Poem “Pangur Bán”,58.08,07-08-26 15:09:45
136,The Wedding Dress,24.12,07-08-26 15:09:45
137,The Vacationers,42.15,07-08-26 15:09:45
138,The Third Wave: An Entrepreneur’s Vision of the Future,12.61,07-08-26 15:09:45
139,The Stranger,17.44,07-08-26 15:09:45
140,The Shadow Hero (The Shadow Hero),33.14,07-08-26 15:09:46
141,The Secret (The Secret #1),27.37,07-08-26 15:09:46
142,The Regional Office Is Under Attack!,51.36,07-08-26 15:09:46
143,The Psychopath Test: A Journey Through the Madness Industry,36.0,07-08-26 15:09:46
144,The Project,10.65,07-08-26 15:09:46
145,The Power of Now: A Guide to Spiritual Enlightenment,43.54,07-08-26 15:09:46
146,The Omnivore's Dilemma: A Natural History of Four Meals,38.21,07-08-26 15:09:46
147,The Nerdy Nummies Cookbook: Sweet Treats for the Geek in All of Us,37.34,07-08-26 15:09:46
148,The Murder of Roger Ackroyd (Hercule Poirot #4),44.1,07-08-26 15:09:46
149,The Mistake (Off-Campus #2),43.29,07-08-26 15:09:46
150,The Matchmaker's Playbook (Wingmen Inc. #1),55.85,07-08-26 15:09:46
151,The Love and Lemons Cookbook: An Apple-to-Zucchini Celebration of Impromptu Cooking,37.6,07-08-26 15:09:46
152,The Long Shadow of Small Ghosts: Murder and Memory in an American City,10.97,07-08-26 15:09:46
153,The Kite Runner,41.82,07-08-26 15:09:46
154,The House by the Lake,36.95,07-08-26 15:09:46
155,The Glittering Court (The Glittering Court #1),44.28,07-08-26 15:09:46
156,The Girl on the Train,55.02,07-08-26 15:09:46
157,The Genius of Birds,17.24,07-08-26 15:09:46
158,The Emerald Mystery,23.15,07-08-26 15:09:46
159,The Cookies & Cups Cookbook: 125+ sweet & savory recipes reminding you to Always Eat Dessert First,41.25,07-08-26 15:09:46
160,The Bridge to Consciousness: I'm Writing the Bridge Between Science and Our Old and New Beliefs.,32.0,07-08-26 15:09:47
161,The Artist's Way: A Spiritual Path to Higher Creativity,38.49,07-08-26 15:09:47
162,The Art of War,33.34,07-08-26 15:09:47
163,The Argonauts,10.93,07-08-26 15:09:47
164,The 10% Entrepreneur: Live Your Startup Dream Without Quitting Your Day Job,27.55,07-08-26 15:09:47
165,Suddenly in Love (Lake Haven #1),55.99,07-08-26 15:09:47
166,Something More Than This,16.24,07-08-26 15:09:47
167,Soft Apocalypse,26.12,07-08-26 15:09:47
168,So You've Been Publicly Shamed,12.23,07-08-26 15:09:47
169,Shoe Dog: A Memoir by the Creator of NIKE,23.99,07-08-26 15:09:47
170,"Shobu Samurai, Project Aryoku (#3)",29.06,07-08-26 15:09:47
171,Secrets and Lace (Fatal Hearts #1),20.27,07-08-26 15:09:47
172,Scarlett Epstein Hates It Here,43.55,07-08-26 15:09:47
173,Romero and Juliet: A Tragic Tale of Love and Zombies,36.94,07-08-26 15:09:47
174,Redeeming Love,20.47,07-08-26 15:09:47
175,Poses for Artists Volume 1 - Dynamic and Sitting Poses: An Essential Reference for Figure Drawing and the Human Form,41.06,07-08-26 15:09:47
176,Poems That Make Grown Women Cry,14.19,07-08-26 15:09:47
177,"Nightingale, Sing",38.28,07-08-26 15:09:47
178,Night Sky with Exit Wounds,41.05,07-08-26 15:09:47
179,Mrs. Houdini,30.25,07-08-26 15:09:47
180,Modern Romance,28.26,07-08-26 15:09:47
181,Miss Peregrine’s Home for Peculiar Children (Miss Peregrine’s Peculiar Children #1),10.76,07-08-26 15:09:47
182,Louisa: The Extraordinary Life of Mrs. Adams,16.85,07-08-26 15:09:47
183,Little Red,13.47,07-08-26 15:09:47
184,Library of Souls (Miss Peregrine’s Peculiar Children #3),48.56,07-08-26 15:09:47
185,Large Print Heart of the Pride,19.15,07-08-26 15:09:47
186,I Had a Nice Time And Other Lies...: How to find love & sh*t like that,57.36,07-08-26 15:09:47
187,Hollow City (Miss Peregrine’s Peculiar Children #2),42.98,07-08-26 15:09:47
188,Grumbles,22.16,07-08-26 15:09:47
189,Full Moon over Noah’s Ark: An Odyssey to Mount Ararat and Beyond,49.43,07-08-26 15:09:47
190,Frostbite (Vampire Academy #2),29.99,07-08-26 15:09:47
191,Follow You Home,21.36,07-08-26 15:09:47
192,First Steps for New Christians (Print Edition),29.0,07-08-26 15:09:47
193,Finders Keepers (Bill Hodges Trilogy #2),53.53,07-08-26 15:09:47
194,"Fables, Vol. 1: Legends in Exile (Fables #1)",41.62,07-08-26 15:09:47
195,Eureka Trivia 6.0,54.59,07-08-26 15:09:47
196,Drive: The Surprising Truth About What Motivates Us,34.95,07-08-26 15:09:47
197,Done Rubbed Out (Reightman & Bailey #1),37.72,07-08-26 15:09:47
198,Doing It Over (Most Likely To #1),35.61,07-08-26 15:09:47
199,"Deliciously Ella Every Day: Quick and Easy Recipes for Gluten-Free Snacks, Packed Lunches, and Simple Meals",42.16,07-08-26 15:09:47
200,Dark Notes,19.19,07-08-26 15:09:48
201,"Daring Greatly: How the Courage to Be Vulnerable Transforms the Way We Live, Love, Parent, and Lead",19.43,07-08-26 15:09:48
202,Close to You,49.46,07-08-26 15:09:48
203,Chasing Heaven: What Dying Taught Me About Living,37.8,07-08-26 15:09:48
204,Big Magic: Creative Living Beyond Fear,30.8,07-08-26 15:09:48
205,Becoming Wise: An Inquiry into the Mystery and Art of Living,27.43,07-08-26 15:09:48
206,Beauty Restored (Riley Family Legacy Novellas #3),11.11,07-08-26 15:09:48
207,Batman: The Long Halloween (Batman),36.5,07-08-26 15:09:48
208,Batman: The Dark Knight Returns (Batman),15.38,07-08-26 15:09:48
209,Ayumi's Violin,15.48,07-08-26 15:09:48
210,Anonymous,46.82,07-08-26 15:09:48
211,Amy Meets the Saints and Sages,18.46,07-08-26 15:09:48
212,Amid the Chaos,36.58,07-08-26 15:09:48
213,Amatus,50.54,07-08-26 15:09:48
214,Agnostic: A Spirited Manifesto,12.51,07-08-26 15:09:48
215,Zealot: The Life and Times of Jesus of Nazareth,24.7,07-08-26 15:09:48
216,You (You #1),43.61,07-08-26 15:09:48
217,"Wonder Woman: Earth One, Volume One (Wonder Woman: Earth One #1)",37.34,07-08-26 15:09:48
218,Wild Swans,14.36,07-08-26 15:09:48
219,Why the Right Went Wrong: Conservatism--From Goldwater to the Tea Party and Beyond,52.65,07-08-26 15:09:48
220,Whole Lotta Creativity Going On: 60 Fun and Unusual Exercises to Awaken and Strengthen Your Creativity,38.2,07-08-26 15:09:49
221,What's It Like in Space?: Stories from Astronauts Who've Been There,19.6,07-08-26 15:09:49
222,"We Are Robin, Vol. 1: The Vigilante Business (We Are Robin #1)",53.9,07-08-26 15:09:49
223,Walt Disney's Alice in Wonderland,12.96,07-08-26 15:09:49
224,V for Vendetta (V for Vendetta Complete),37.1,07-08-26 15:09:49
225,Until Friday Night (The Field Party #1),46.31,07-08-26 15:09:49
226,"Unbroken: A World War II Story of Survival, Resilience, and Redemption",45.95,07-08-26 15:09:49
227,Twenty Yawns,22.08,07-08-26 15:09:49
228,Through the Woods,25.38,07-08-26 15:09:49
229,This Is Where It Ends,27.12,07-08-26 15:09:49
230,The Year of Magical Thinking,43.04,07-08-26 15:09:49
231,The Wright Brothers,56.8,07-08-26 15:09:49
232,The White Queen (The Cousins' War #1),25.91,07-08-26 15:09:49
233,The Wedding Pact (The O'Malleys #2),32.61,07-08-26 15:09:49
234,The Time Keeper,27.88,07-08-26 15:09:49
235,The Testament of Mary,52.67,07-08-26 15:09:49
236,The Star-Touched Queen,46.02,07-08-26 15:09:49
237,The Songs of the Gods,44.48,07-08-26 15:09:49
238,The Song of Achilles,37.4,07-08-26 15:09:49
239,The Rosie Project (Don Tillman #1),54.04,07-08-26 15:09:49
240,The Power of Habit: Why We Do What We Do in Life and Business,16.88,07-08-26 15:09:50
241,The Marriage of Opposites,28.08,07-08-26 15:09:50
242,The Lucifer Effect: Understanding How Good People Turn Evil,10.4,07-08-26 15:09:50
243,The Long Haul (Diary of a Wimpy Kid #9),44.07,07-08-26 15:09:50
244,The Loney,23.4,07-08-26 15:09:50
245,The Literature Book (Big Ideas Simply Explained),17.43,07-08-26 15:09:50
246,The Last Mile (Amos Decker #2),54.21,07-08-26 15:09:50
247,The Immortal Life of Henrietta Lacks,40.67,07-08-26 15:09:50
248,The Hidden Oracle (The Trials of Apollo #1),52.26,07-08-26 15:09:50
249,The Help Yourself Cookbook for Kids: 60 Easy Plant-Based Recipes Kids Can Make to Stay Healthy and Save the Earth,28.77,07-08-26 15:09:50
250,The Guilty (Will Robie #4),13.82,07-08-26 15:09:50
251,The First Hostage (J.B. Collins #2),25.85,07-08-26 15:09:50
252,The Dovekeepers,48.78,07-08-26 15:09:50
253,The Darkest Lie,35.35,07-08-26 15:09:50
254,The Bane Chronicles (The Bane Chronicles #1-11),44.73,07-08-26 15:09:50
255,The Bad-Ass Librarians of Timbuktu: And Their Race to Save the World’s Most Precious Manuscripts,15.77,07-08-26 15:09:50
256,The 14th Colony (Cotton Malone #11),39.24,07-08-26 15:09:50
257,That Darkness (Gardiner and Renner #1),13.92,07-08-26 15:09:50
258,Tastes Like Fear (DI Marnie Rome #3),10.69,07-08-26 15:09:50
259,Take Me with You,45.21,07-08-26 15:09:50
260,Swell: A Year of Waves,45.58,07-08-26 15:09:50
261,Superman Vol. 1: Before Truth (Superman by Gene Luen Yang #1),11.89,07-08-26 15:09:50
262,Still Life with Bread Crumbs,26.41,07-08-26 15:09:50
263,Steve Jobs,39.5,07-08-26 15:09:50
264,Sorting the Beef from the Bull: The Science of Food Fraud Forensics,44.74,07-08-26 15:09:50
265,Someone Like You (The Harrisons #2),52.79,07-08-26 15:09:50
266,"So Cute It Hurts!!, Vol. 6 (So Cute It Hurts!! #6)",35.43,07-08-26 15:09:50
267,Shtum,55.84,07-08-26 15:09:50
268,See America: A Celebration of Our National Parks & Treasured Sites,48.87,07-08-26 15:09:50
269,salt.,46.78,07-08-26 15:09:50
270,Robin War,47.82,07-08-26 15:09:50
271,"Red Hood/Arsenal, Vol. 1: Open for Business (Red Hood/Arsenal #1)",25.48,07-08-26 15:09:50
272,Rain Fish,23.57,07-08-26 15:09:50
273,"Quarter Life Poetry: Poems for the Young, Broke and Hangry",50.89,07-08-26 15:09:50
274,Pet Sematary,10.56,07-08-26 15:09:50
275,"Overload: How to Unplug, Unwind, and Unleash Yourself from the Pressure of Stress",52.15,07-08-26 15:09:50
276,Once Was a Time,18.28,07-08-26 15:09:50
277,Old School (Diary of a Wimpy Kid #10),11.83,07-08-26 15:09:50
278,No Dream Is Too High: Life Lessons From a Man Who Walked on the Moon,21.95,07-08-26 15:09:50
279,"Naruto (3-in-1 Edition), Vol. 14: Includes Vols. 40, 41 & 42 (Naruto: Omnibus #14)",38.39,07-08-26 15:09:50
280,My Name Is Lucy Barton,41.56,07-08-26 15:09:51
281,My Mrs. Brown,24.48,07-08-26 15:09:51
282,My Kind of Crazy,40.36,07-08-26 15:09:51
283,Mr. Mercedes (Bill Hodges Trilogy #1),28.9,07-08-26 15:09:51
284,More Than Music (Chasing the Dream #1),37.61,07-08-26 15:09:51
285,Made to Stick: Why Some Ideas Survive and Others Die,38.85,07-08-26 15:09:51
286,Luis Paints the World,53.95,07-08-26 15:09:51
287,Luckiest Girl Alive,49.83,07-08-26 15:09:51
288,Lowriders to the Center of the Earth (Lowriders in Space #2),51.51,07-08-26 15:09:51
289,Love Is a Mix Tape (Music #1),18.03,07-08-26 15:09:51
290,Looking for Lovely: Collecting the Moments that Matter,29.14,07-08-26 15:09:51
291,"Living Leadership by Insight: A Good Leader Achieves, a Great Leader Builds Monuments",46.91,07-08-26 15:09:51
292,Let It Out: A Journey Through Journaling,26.79,07-08-26 15:09:51
293,Lady Midnight (The Dark Artifices #1),16.28,07-08-26 15:09:51
294,"It's All Easy: Healthy, Delicious Weeknight Meals in under 30 Minutes",19.55,07-08-26 15:09:51
295,Island of Dragons (Unwanteds #7),29.65,07-08-26 15:09:51
296,I Know What I'm Doing -- and Other Lies I Tell Myself: Dispatches from a Life Under Construction,25.98,07-08-26 15:09:51
297,I Am Pilgrim (Pilgrim #1),10.6,07-08-26 15:09:51
298,"Hyperbole and a Half: Unfortunate Situations, Flawed Coping Mechanisms, Mayhem, and Other Things That Happened",14.75,07-08-26 15:09:51
299,"Hush, Hush (Hush, Hush #1)",47.02,07-08-26 15:09:51
300,Hold Your Breath (Search and Rescue #1),28.82,07-08-26 15:09:52
301,Hamilton: The Revolution,58.79,07-08-26 15:09:52
302,Greek Mythic History,10.23,07-08-26 15:09:52
303,God: The Most Unpleasant Character in All Fiction,30.03,07-08-26 15:09:52
304,Glory over Everything: Beyond The Kitchen House,45.84,07-08-26 15:09:52
305,Feathers: Displays of Brilliant Plumage,49.05,07-08-26 15:09:52
306,"Far & Away: Places on the Brink of Change: Seven Continents, Twenty-Five Years",15.06,07-08-26 15:09:52
307,Every Last Word,46.47,07-08-26 15:09:52
308,Eligible (The Austen Project #4),27.09,07-08-26 15:09:52
309,El Deafo,57.62,07-08-26 15:09:52
310,Eight Hundred Grapes,14.39,07-08-26 15:09:52
311,"Eaternity: More than 150 Deliciously Easy Vegan Recipes for a Long, Healthy, Satisfied, Joyful Life",51.75,07-08-26 15:09:52
312,"Eat Fat, Get Thin",54.07,07-08-26 15:09:52
313,Don't Get Caught,55.35,07-08-26 15:09:52
314,Doctor Sleep (The Shining #2),40.12,07-08-26 15:09:52
315,Demigods & Magicians: Percy and Annabeth Meet the Kanes (Percy Jackson & Kane Chronicles Crossover #1-3),37.51,07-08-26 15:09:52
316,Dear Mr. Knightley,11.21,07-08-26 15:09:52
317,Daily Fantasy Sports,36.58,07-08-26 15:09:52
318,Crazy Love: Overwhelmed by a Relentless God,47.72,07-08-26 15:09:52
319,Cometh the Hour (The Clifton Chronicles #6),25.01,07-08-26 15:09:52
320,Code Name Verity (Code Name Verity #1),22.13,07-08-26 15:09:53
321,Clockwork Angel (The Infernal Devices #1),44.14,07-08-26 15:09:53
322,City of Glass (The Mortal Instruments #3),56.02,07-08-26 15:09:53
323,City of Fallen Angels (The Mortal Instruments #4),11.23,07-08-26 15:09:53
324,City of Bones (The Mortal Instruments #1),43.28,07-08-26 15:09:53
325,City of Ashes (The Mortal Instruments #2),47.27,07-08-26 15:09:53
326,Cell,20.29,07-08-26 15:09:53
327,Catching Jordan (Hundred Oaks),50.83,07-08-26 15:09:53
328,"Carry On, Warrior: Thoughts on Life Unarmed",31.85,07-08-26 15:09:53
329,Carrie,46.23,07-08-26 15:09:53
330,Buying In: The Secret Dialogue Between What We Buy and Who We Are,37.8,07-08-26 15:09:53
331,Brain on Fire: My Month of Madness,49.32,07-08-26 15:09:53
332,Batman: Europa,32.01,07-08-26 15:09:53
333,Barefoot Contessa Back to Basics,28.01,07-08-26 15:09:53
334,Barefoot Contessa at Home: Everyday Recipes You'll Make Over and Over Again,50.62,07-08-26 15:09:53
335,Balloon Animals,17.03,07-08-26 15:09:53
336,Art Ops Vol. 1,48.8,07-08-26 15:09:53
337,Aristotle and Dante Discover the Secrets of the Universe (Aristotle and Dante Discover the Secrets of the Universe #1),58.14,07-08-26 15:09:53
338,Angels Walking (Angels Walking #1),34.2,07-08-26 15:09:53
339,Angels & Demons (Robert Langdon #1),51.48,07-08-26 15:09:53
340,All the Light We Cannot See,29.87,07-08-26 15:09:53
341,"Adulthood Is a Myth: A ""Sarah's Scribbles"" Collection",10.9,07-08-26 15:09:53
342,Abstract City,56.37,07-08-26 15:09:53
343,A Time of Torment (Charlie Parker #14),48.35,07-08-26 15:09:53
344,A Study in Scarlet (Sherlock Holmes #1),16.73,07-08-26 15:09:53
345,"A Series of Catastrophes and Miracles: A True Story of Love, Science, and Cancer",56.48,07-08-26 15:09:53
346,A People's History of the United States,40.79,07-08-26 15:09:53
347,A Man Called Ove,39.72,07-08-26 15:09:53
348,A Distant Mirror: The Calamitous 14th Century,14.58,07-08-26 15:09:53
349,A Brush of Wings (Angels Walking #3),55.51,07-08-26 15:09:53
350,1491: New Revelations of the Americas Before Columbus,21.8,07-08-26 15:09:53
351,"The Three Searches, Meaning, and the Story",13.33,07-08-26 15:09:53
352,Searching for Meaning in Gailana,38.73,07-08-26 15:09:53
353,Rook,37.86,07-08-26 15:09:53
354,My Kitchen Year: 136 Recipes That Saved My Life,11.53,07-08-26 15:09:53
355,13 Hours: The Inside Account of What Really Happened In Benghazi,27.06,07-08-26 15:09:53
356,Will You Won't You Want Me?,13.86,07-08-26 15:09:53
357,Tipping Point for Planet Earth: How Close Are We to the Edge?,37.55,07-08-26 15:09:53
358,The Star-Touched Queen,32.3,07-08-26 15:09:53
359,The Silent Sister (Riley MacPherson #1),46.29,07-08-26 15:09:53
360,The Midnight Watch: A Novel of the Titanic and the Californian,26.2,07-08-26 15:09:54
361,The Lonely City: Adventures in the Art of Being Alone,33.26,07-08-26 15:09:54
362,The Gray Rhino: How to Recognize and Act on the Obvious Dangers We Ignore,59.15,07-08-26 15:09:54
363,The Golden Condom: And Other Essays on Love Lost and Found,39.43,07-08-26 15:09:54
364,The Epidemic (The Program 0.6),14.44,07-08-26 15:09:54
365,The Dinner Party,56.54,07-08-26 15:09:54
366,The Diary of a Young Girl,59.9,07-08-26 15:09:54
367,The Children,11.88,07-08-26 15:09:54
368,Stars Above (The Lunar Chronicles #4.5),48.05,07-08-26 15:09:54
369,Snatched: How A Drug Queen Went Undercover for the DEA and Was Kidnapped By Colombian Guerillas,21.21,07-08-26 15:09:54
370,Raspberry Pi Electronics Projects for the Evil Genius,49.67,07-08-26 15:09:54
371,Quench Your Own Thirst: Business Lessons Learned Over a Beer or Two,43.14,07-08-26 15:09:54
372,Psycho: Sanitarium (Psycho #1.5),36.97,07-08-26 15:09:54
373,Poisonous (Max Revere Novels #3),26.8,07-08-26 15:09:54
374,One with You (Crossfire #5),15.71,07-08-26 15:09:54
375,No Love Allowed (Dodge Cove #1),54.65,07-08-26 15:09:54
376,Murder at the 42nd Street Library (Raymond Ambler #1),54.36,07-08-26 15:09:54
377,Most Wanted,35.28,07-08-26 15:09:54
378,"Love, Lies and Spies",20.55,07-08-26 15:09:54
379,How to Speak Golf: An Illustrated Guide to Links Lingo,58.32,07-08-26 15:09:54
380,Hide Away (Eve Duncan #20),11.84,07-08-26 15:09:55
381,Furiously Happy: A Funny Book About Horrible Things,41.46,07-08-26 15:09:55
382,Everyday Italian: 125 Simple and Delicious Recipes,20.1,07-08-26 15:09:55
383,Equal Is Unfair: America's Misguided Fight Against Income Inequality,56.86,07-08-26 15:09:55
384,Eleanor & Park,56.51,07-08-26 15:09:55
385,Dirty (Dive Bar #1),40.83,07-08-26 15:09:55
386,Can You Keep a Secret? (Fear Street Relaunch #4),48.64,07-08-26 15:09:55
387,Boar Island (Anna Pigeon #19),59.48,07-08-26 15:09:55
388,A Paris Apartment,39.01,07-08-26 15:09:55
389,"A la Mode: 120 Recipes in 60 Pairings: Pies, Tarts, Cakes, Crisps, and More Topped with Ice Cream, Gelato, Frozen Custard, and More",38.77,07-08-26 15:09:55
390,Troublemaker: Surviving Hollywood and Scientology,48.39,07-08-26 15:09:55
391,The Widow,27.26,07-08-26 15:09:55
392,"The Sleep Revolution: Transforming Your Life, One Night at a Time",11.68,07-08-26 15:09:55
393,The Improbability of Love,59.45,07-08-26 15:09:55
394,The Art of Startup Fundraising,21.0,07-08-26 15:09:55
395,Take Me Home Tonight (Rock Star Romance #3),53.98,07-08-26 15:09:55
396,Sleeping Giants (Themis Files #1),48.74,07-08-26 15:09:55
397,"Setting the World on Fire: The Brief, Astonishing Life of St. Catherine of Siena",21.15,07-08-26 15:09:55
398,Playing with Fire,13.71,07-08-26 15:09:55
399,Off the Hook (Fishing for Trouble #1),47.67,07-08-26 15:09:55
400,Mothering Sunday,13.34,07-08-26 15:09:56
401,"Mother, Can You Not?",16.89,07-08-26 15:09:56
402,M Train,27.18,07-08-26 15:09:56
403,Lilac Girls,17.28,07-08-26 15:09:56
404,Lies and Other Acts of Love,45.14,07-08-26 15:09:56
405,Lab Girl,40.85,07-08-26 15:09:56
406,Keep Me Posted,20.46,07-08-26 15:09:56
407,It Didn't Start with You: How Inherited Family Trauma Shapes Who We Are and How to End the Cycle,56.27,07-08-26 15:09:56
408,Grey (Fifty Shades #4),48.49,07-08-26 15:09:56
409,"Exit, Pursued by a Bear",51.34,07-08-26 15:09:56
410,Daredevils,16.34,07-08-26 15:09:56
411,Cravings: Recipes for What You Want to Eat,20.5,07-08-26 15:09:56
412,Born for This: How to Find the Work You Were Meant to Do,21.59,07-08-26 15:09:56
413,Arena,21.36,07-08-26 15:09:56
414,Adultery,20.88,07-08-26 15:09:56
415,A Mother's Reckoning: Living in the Aftermath of Tragedy,19.53,07-08-26 15:09:56
416,A Gentleman's Position (Society of Gentlemen #3),14.75,07-08-26 15:09:56
417,11/22/63,48.48,07-08-26 15:09:56
418,"10% Happier: How I Tamed the Voice in My Head, Reduced Stress Without Losing My Edge, and Found Self-Help That Actually Works",24.57,07-08-26 15:09:56
419,10-Day Green Smoothie Cleanse: Lose Up to 15 Pounds in 10 Days!,49.71,07-08-26 15:09:56
420,Without Shame,48.27,07-08-26 15:09:56
421,Watchmen,58.05,07-08-26 15:09:56
422,Unlimited Intuition Now,58.87,07-08-26 15:09:56
423,Underlying Notes,11.82,07-08-26 15:09:56
424,The Shack,28.03,07-08-26 15:09:56
425,The New Brand You: Your New Image Makes the Sale for You,44.05,07-08-26 15:09:56
426,"The Moosewood Cookbook: Recipes from Moosewood Restaurant, Ithaca, New York",12.34,07-08-26 15:09:56
427,The Flowers Lied,16.68,07-08-26 15:09:56
428,"The Fabric of the Cosmos: Space, Time, and the Texture of Reality",55.91,07-08-26 15:09:56
429,The Book of Mormon,24.57,07-08-26 15:09:56
430,The Art and Science of Low Carbohydrate Living,52.98,07-08-26 15:09:56
431,The Alien Club,54.4,07-08-26 15:09:56
432,Suzie Snowflake: One beautiful flake (a self-esteem story),54.81,07-08-26 15:09:56
433,Nap-a-Roo,25.08,07-08-26 15:09:56
434,"NaNo What Now? Finding your editing process, revising your NaNoWriMo book and building a writing career through publishing and beyond",10.41,07-08-26 15:09:56
435,Modern Day Fables,47.44,07-08-26 15:09:56
436,If I Gave You God's Phone Number....: Searching for Spirituality in America,20.91,07-08-26 15:09:56
437,"Fruits Basket, Vol. 9 (Fruits Basket #9)",33.95,07-08-26 15:09:56
438,Dress Your Family in Corduroy and Denim,43.68,07-08-26 15:09:56
439,Don't Forget Steven,33.23,07-08-26 15:09:56
440,Chernobyl 01:23:40: The Incredible True Story of the World's Worst Nuclear Disaster,35.92,07-08-26 15:09:57
441,Art and Fear: Observations on the Perils (and Rewards) of Artmaking,48.63,07-08-26 15:09:57
442,A Shard of Ice (The Black Symphony Saga #1),56.63,07-08-26 15:09:57
443,A Hero's Curse (The Unseen Chronicles #1),50.49,07-08-26 15:09:57
444,23 Degrees South: A Tropical Tale of Changing Whether...,35.79,07-08-26 15:09:57
445,"Zero to One: Notes on Startups, or How to Build the Future",34.06,07-08-26 15:09:57
446,Why Not Me?,17.76,07-08-26 15:09:57
447,When Breath Becomes Air,39.36,07-08-26 15:09:57
448,Vagabonding: An Uncommon Guide to the Art of Long-Term World Travel,36.94,07-08-26 15:09:57
449,The Unlikely Pilgrimage of Harold Fry (Harold Fry #1),43.62,07-08-26 15:09:57
450,The New Drawing on the Right Side of the Brain,43.02,07-08-26 15:09:57
451,"The Midnight Assassin: Panic, Scandal, and the Hunt for America's First Serial Killer",28.45,07-08-26 15:09:57
452,The Martian (The Martian #1),41.39,07-08-26 15:09:57
453,The High Mountains of Portugal,51.15,07-08-26 15:09:57
454,The Grownup,35.88,07-08-26 15:09:57
455,The E-Myth Revisited: Why Most Small Businesses Don't Work and What to Do About It,36.91,07-08-26 15:09:57
456,South of Sunshine,28.93,07-08-26 15:09:57
457,Smarter Faster Better: The Secrets of Being Productive in Life and Business,38.89,07-08-26 15:09:57
458,Silence in the Dark (Logan Point #4),58.33,07-08-26 15:09:57
459,Shadows of the Past (Logan Point #1),39.67,07-08-26 15:09:57
460,Roller Girl,14.1,07-08-26 15:09:58
461,Rising Strong,21.82,07-08-26 15:09:58
462,Proofs of God: Classical Arguments from Tertullian to Barth,54.21,07-08-26 15:09:58
463,Please Kill Me: The Uncensored Oral History of Punk,31.19,07-08-26 15:09:58
464,Out of Print: City Lights Spotlight No. 14,53.64,07-08-26 15:09:58
465,My Life Next Door (My Life Next Door ),36.39,07-08-26 15:09:58
466,Miller's Valley,58.54,07-08-26 15:09:58
467,Man's Search for Meaning,29.48,07-08-26 15:09:58
468,"Love That Boy: What Two Presidents, Eight Road Trips, and My Son Taught Me About a Parent's Expectations",25.06,07-08-26 15:09:58
469,Living Forward: A Proven Plan to Stop Drifting and Get the Life You Want,12.55,07-08-26 15:09:58
470,Les Fleurs du Mal,29.04,07-08-26 15:09:58
471,Left Behind (Left Behind #1),40.72,07-08-26 15:09:58
472,Kill 'Em and Leave: Searching for James Brown and the American Soul,45.05,07-08-26 15:09:58
473,Kierkegaard: A Christian Missionary to Christians,47.13,07-08-26 15:09:58
474,John Vassos: Industrial Design for Modern Life,20.22,07-08-26 15:09:58
475,I'll Give You the Sun,56.48,07-08-26 15:09:58
476,I Will Find You,44.21,07-08-26 15:09:58
477,Hystopia: A Novel,21.96,07-08-26 15:09:58
478,Howl and Other Poems,40.45,07-08-26 15:09:58
479,History of Beauty,10.29,07-08-26 15:09:58
480,Heaven is for Real: A Little Boy's Astounding Story of His Trip to Heaven and Back,52.86,07-08-26 15:09:59
481,Future Shock (Future Shock #1),55.65,07-08-26 15:09:59
482,Ender's Game (The Ender Quintet #1),43.64,07-08-26 15:09:59
483,Diary of a Citizen Scientist: Chasing Tiger Beetles and Other New Ways of Engaging the World,28.41,07-08-26 15:09:59
484,Death by Leisure: A Cautionary Tale,37.51,07-08-26 15:09:59
485,Brilliant Beacons: A History of the American Lighthouse,11.45,07-08-26 15:09:59
486,Brazen: The Courage to Find the You That's Been Hiding,19.22,07-08-26 15:09:59
487,Between the World and Me,56.91,07-08-26 15:09:59
488,Being Mortal: Medicine and What Matters in the End,55.06,07-08-26 15:09:59
489,"A Murder Over a Girl: Justice, Gender, Junior High",13.2,07-08-26 15:09:59
490,32 Yolks,53.63,07-08-26 15:09:59
491,"""Most Blessed of the Patriarchs"": Thomas Jefferson and the Empire of the Imagination",44.48,07-08-26 15:09:59
492,You Are a Badass: How to Stop Doubting Your Greatness and Start Living an Awesome Life,12.08,07-08-26 15:09:59
493,Wildlife of New York: A Five-Borough Coloring Book,22.14,07-08-26 15:09:59
494,What Happened on Beale Street (Secrets of the South Mysteries #2),25.37,07-08-26 15:09:59
495,Unreasonable Hope: Finding Faith in the God Who Brings Purpose to Your Pain,46.33,07-08-26 15:09:59
496,Under the Tuscan Sun,37.33,07-08-26 15:09:59
497,Toddlers Are A**holes: It's Not Your Fault,25.55,07-08-26 15:09:59
498,The Year of Living Biblically: One Man's Humble Quest to Follow the Bible as Literally as Possible,34.72,07-08-26 15:09:59
499,The Whale,35.96,07-08-26 15:09:59
500,The Story of Art,41.14,07-08-26 15:09:59
501,The Origin of Species,10.01,07-08-26 15:09:59
502,The Great Gatsby,36.05,07-08-26 15:09:59
503,The Good Girl,49.03,07-08-26 15:09:59
504,The Glass Castle,16.24,07-08-26 15:09:59
505,The Faith of Christopher Hitchens: The Restless Soul of the World's Most Notorious Atheist,39.55,07-08-26 15:09:59
506,The Drowning Girls,35.67,07-08-26 15:09:59
507,The Constant Princess (The Tudor Court #1),16.62,07-08-26 15:09:59
508,The Bourne Identity (Jason Bourne #1),42.78,07-08-26 15:09:59
509,The Bachelor Girl's Guide to Murder (Herringford and Watts Mysteries #1),52.3,07-08-26 15:09:59
510,The Art Book,32.34,07-08-26 15:09:59
511,The 7 Habits of Highly Effective People: Powerful Lessons in Personal Change,33.17,07-08-26 15:09:59
512,Team of Rivals: The Political Genius of Abraham Lincoln,20.12,07-08-26 15:09:59
513,Steal Like an Artist: 10 Things Nobody Told You About Being Creative,20.9,07-08-26 15:09:59
514,"Sit, Stay, Love",20.9,07-08-26 15:09:59
515,Sister Dear,40.2,07-08-26 15:09:59
516,"Shrunken Treasures: Literary Classics, Short, Sweet, and Silly",52.87,07-08-26 15:09:59
517,"Rich Dad, Poor Dad",51.74,07-08-26 15:09:59
518,Raymie Nightingale,34.41,07-08-26 15:09:59
519,Playing from the Heart,32.38,07-08-26 15:09:59
520,Nightstruck: A Novel,50.35,07-08-26 15:10:00
521,"Naturally Lean: 125 Nourishing Gluten-Free, Plant-Based Recipes--All Under 300 Calories",11.38,07-08-26 15:10:00
522,Meternity,43.58,07-08-26 15:10:00
523,Memoirs of a Geisha,49.67,07-08-26 15:10:00
524,Like Never Before (Walker Family #2),28.77,07-08-26 15:10:00
525,Life of Pi,13.22,07-08-26 15:10:00
526,Leave This Song Behind: Teen Poetry at Its Best,51.17,07-08-26 15:10:00
527,King's Folly (The Kinsman Chronicles #1),39.61,07-08-26 15:10:00
528,John Adams,57.43,07-08-26 15:10:00
529,How to Cook Everything Vegetarian: Simple Meatless Recipes for Great Food (How to Cook Everything),46.01,07-08-26 15:10:00
530,How to Be a Domestic Goddess: Baking and the Art of Comfort Cooking,28.25,07-08-26 15:10:00
531,Good in Bed (Cannie Shapiro #1),37.05,07-08-26 15:10:00
532,"Fruits Basket, Vol. 7 (Fruits Basket #7)",19.57,07-08-26 15:10:00
533,For the Love: Fighting for Grace in a World of Impossible Standards,45.13,07-08-26 15:10:00
534,Finding God in the Ruins: How God Redeems Pain,46.64,07-08-26 15:10:00
535,Every Heart a Doorway (Every Heart A Doorway #1),12.16,07-08-26 15:10:00
536,Delivering the Truth (Quaker Midwife Mystery #1),20.89,07-08-26 15:10:00
537,Counted With the Stars (Out from Egypt #1),17.97,07-08-26 15:10:00
538,"Chronicles, Vol. 1",52.6,07-08-26 15:10:00
539,Blue Like Jazz: Nonreligious Thoughts on Christian Spirituality,25.77,07-08-26 15:10:00
540,Benjamin Franklin: An American Life,48.19,07-08-26 15:10:01
541,"At The Existentialist Café: Freedom, Being, and apricot cocktails with: Jean-Paul Sartre, Simone de Beauvoir, Albert Camus, Martin Heidegger, Edmund Husserl, Karl Jaspers, Maurice Merleau-Ponty and others",29.93,07-08-26 15:10:01
542,A Summer In Europe,44.34,07-08-26 15:10:01
543,A Short History of Nearly Everything,52.4,07-08-26 15:10:01
544,A Gathering of Shadows (Shades of Magic #2),44.81,07-08-26 15:10:01
545,The Sound Of Love,57.84,07-08-26 15:10:01
546,The Rise and Fall of the Third Reich: A History of Nazi Germany,39.67,07-08-26 15:10:01
547,The Perks of Being a Wallflower,55.02,07-08-26 15:10:01
548,The Mysterious Affair at Styles (Hercule Poirot #1),24.8,07-08-26 15:10:01
549,The Man Who Mistook His Wife for a Hat and Other Clinical Tales,59.45,07-08-26 15:10:01
550,The Makings of a Fatherless Child,31.58,07-08-26 15:10:01
551,The Joy of Cooking,43.27,07-08-26 15:10:01
552,The Invention of Wings,37.34,07-08-26 15:10:01
553,The Hobbit (Middle-Earth Universe),17.8,07-08-26 15:10:01
554,The Great Railway Bazaar,30.54,07-08-26 15:10:01
555,The Golden Compass (His Dark Materials #1),18.77,07-08-26 15:10:01
556,The God Delusion,46.85,07-08-26 15:10:01
557,The Girl You Left Behind (The Girl You Left Behind #1),15.79,07-08-26 15:10:01
558,The Fellowship of the Ring (The Lord of the Rings #1),10.27,07-08-26 15:10:01
559,The Collected Poems of W.B. Yeats (The Collected Works of W.B. Yeats #1),15.42,07-08-26 15:10:01
560,The Barefoot Contessa Cookbook,59.92,07-08-26 15:10:02
561,Tell the Wolves I'm Home,50.96,07-08-26 15:10:02
562,Ship Leaves Harbor: Essays on Travel by a Recovering Journeyman,30.6,07-08-26 15:10:02
563,Pride and Prejudice,19.27,07-08-26 15:10:02
564,Musicophilia: Tales of Music and the Brain,46.58,07-08-26 15:10:02
565,Mere Christianity,48.51,07-08-26 15:10:02
566,Me Before You (Me Before You #1),19.02,07-08-26 15:10:02
567,In the Woods (Dublin Murder Squad #1),38.38,07-08-26 15:10:02
568,In Cold Blood,49.98,07-08-26 15:10:02
569,How to Stop Worrying and Start Living,46.49,07-08-26 15:10:02
570,Give It Back,18.32,07-08-26 15:10:02
571,"Girl, Interrupted",42.14,07-08-26 15:10:02
572,Fun Home: A Family Tragicomic,56.59,07-08-26 15:10:02
573,"Fruits Basket, Vol. 6 (Fruits Basket #6)",20.96,07-08-26 15:10:02
574,Deception Point,40.32,07-08-26 15:10:02
575,"Death Note, Vol. 6: Give-and-Take (Death Note #6)",36.39,07-08-26 15:10:02
576,Catherine the Great: Portrait of a Woman,58.55,07-08-26 15:10:02
577,Better Homes and Gardens New Cook Book,39.61,07-08-26 15:10:02
578,An Unquiet Mind: A Memoir of Moods and Madness,21.3,07-08-26 15:10:02
579,A Year in Provence (Provence #1),56.88,07-08-26 15:10:02
580,World Without End (The Pillars of the Earth #2),32.97,07-08-26 15:10:03
581,"Will Grayson, Will Grayson (Will Grayson, Will Grayson)",47.31,07-08-26 15:10:03
582,Why Save the Bankers?: And Other Essays on Our Economic and Political Crisis,48.67,07-08-26 15:10:03
583,Where She Went (If I Stay #2),41.73,07-08-26 15:10:03
584,What If?: Serious Scientific Answers to Absurd Hypothetical Questions,53.68,07-08-26 15:10:03
585,Two Summers,14.64,07-08-26 15:10:03
586,This Is Your Brain on Music: The Science of a Human Obsession,38.4,07-08-26 15:10:03
587,The Secret Garden,15.08,07-08-26 15:10:03
588,The Raven King (The Raven Cycle #4),30.57,07-08-26 15:10:03
589,The Raven Boys (The Raven Cycle #1),57.74,07-08-26 15:10:03
590,The Power Greens Cookbook: 140 Delicious Superfood Recipes,11.05,07-08-26 15:10:03
591,The Metamorphosis,28.58,07-08-26 15:10:03
592,The Mathews Men: Seven Brothers and the War Against Hitler's U-boats,42.91,07-08-26 15:10:03
593,The Little Paris Bookshop,24.73,07-08-26 15:10:03
594,The Hiding Place,55.91,07-08-26 15:10:03
595,The Grand Design,13.76,07-08-26 15:10:03
596,The Firm,45.56,07-08-26 15:10:03
597,The Fault in Our Stars,47.22,07-08-26 15:10:03
598,The False Prince (The Ascendance Trilogy #1),56.0,07-08-26 15:10:03
599,The Expatriates,44.58,07-08-26 15:10:03
600,The Dream Thieves (The Raven Cycle #2),34.5,07-08-26 15:10:03
601,The Darkest Corners,11.33,07-08-26 15:10:03
602,The Crossover,38.77,07-08-26 15:10:03
603,The 5th Wave (The 5th Wave #1),11.83,07-08-26 15:10:03
604,Tell the Wind and Fire,45.51,07-08-26 15:10:03
605,Tell Me Three Things,41.81,07-08-26 15:10:03
606,Talking to Girls About Duran Duran: One Young Man's Quest for True Love and a Cooler Haircut,25.15,07-08-26 15:10:03
607,Siddhartha,34.22,07-08-26 15:10:03
608,Shiver (The Wolves of Mercy Falls #1),16.23,07-08-26 15:10:03
609,Remember Me?,11.48,07-08-26 15:10:03
610,Red Dragon (Hannibal Lecter #1),23.37,07-08-26 15:10:03
611,Peak: Secrets from the New Science of Expertise,16.28,07-08-26 15:10:03
612,My Mother Was Nuts,31.63,07-08-26 15:10:03
613,Mexican Today: New and Rediscovered Recipes for Contemporary Kitchens,24.91,07-08-26 15:10:03
614,Maybe Something Beautiful: How Art Transformed a Neighborhood,22.54,07-08-26 15:10:03
615,Lola and the Boy Next Door (Anna and the French Kiss #2),23.63,07-08-26 15:10:03
616,Logan Kade (Fallen Crest High #5.5),13.12,07-08-26 15:10:03
617,Last One Home (New Beginnings #1),59.98,07-08-26 15:10:03
618,Killing Floor (Jack Reacher #1),31.49,07-08-26 15:10:03
619,Kill the Boy Band,15.52,07-08-26 15:10:03
620,Isla and the Happily Ever After (Anna and the French Kiss #3),48.13,07-08-26 15:10:04
621,If I Stay (If I Stay #1),38.13,07-08-26 15:10:04
622,I Know Why the Caged Bird Sings (Maya Angelou's Autobiography #1),36.55,07-08-26 15:10:04
623,Harry Potter and the Deathly Hallows (Harry Potter #7),23.32,07-08-26 15:10:04
624,"Fruits Basket, Vol. 5 (Fruits Basket #5)",16.33,07-08-26 15:10:04
625,Foundation (Foundation (Publication Order) #1),32.42,07-08-26 15:10:04
626,Fool Me Once,16.96,07-08-26 15:10:04
627,Find Her (Detective D.D. Warren #8),22.37,07-08-26 15:10:04
628,Evicted: Poverty and Profit in the American City,42.27,07-08-26 15:10:04
629,Drama,38.7,07-08-26 15:10:04
630,Dracula the Un-Dead,35.63,07-08-26 15:10:04
631,Digital Fortress,58.0,07-08-26 15:10:04
632,"Death Note, Vol. 5: Whiteout (Death Note #5)",52.41,07-08-26 15:10:04
633,"Data, A Love Story: How I Gamed Online Dating to Meet My Match",32.35,07-08-26 15:10:04
634,Critique of Pure Reason,20.75,07-08-26 15:10:04
635,Booked,17.49,07-08-26 15:10:04
636,"Blue Lily, Lily Blue (The Raven Cycle #3)",34.13,07-08-26 15:10:04
637,Approval Junkie: Adventures in Caring Too Much,58.81,07-08-26 15:10:04
638,An Abundance of Katherines,10.0,07-08-26 15:10:04
639,America's War for the Greater Middle East: A Military History,51.22,07-08-26 15:10:04
640,Alight (The Generations Trilogy #2),58.59,07-08-26 15:10:05
641,A Girl's Guide to Moving On (New Beginnings #2),31.3,07-08-26 15:10:05
642,A Game of Thrones (A Song of Ice and Fire #1),46.42,07-08-26 15:10:05
643,A Feast for Crows (A Song of Ice and Fire #4),17.21,07-08-26 15:10:05
644,A Clash of Kings (A Song of Ice and Fire #2),10.79,07-08-26 15:10:05
645,Vogue Colors A to Z: A Fashion Coloring Book,52.35,07-08-26 15:10:05
646,The Shining (The Shining #1),27.88,07-08-26 15:10:05
647,The Pilgrim's Progress,50.26,07-08-26 15:10:05
648,The Perfect Play (Play by Play #1),59.99,07-08-26 15:10:05
649,The Passion of Dolssa,28.32,07-08-26 15:10:05
650,The Jazz of Physics: The Secret Link Between Music and the Structure of the Universe,38.71,07-08-26 15:10:05
651,The Hunger Games (The Hunger Games #1),29.85,07-08-26 15:10:05
652,The Hound of the Baskervilles (Sherlock Holmes #5),14.82,07-08-26 15:10:05
653,The Gunning of America: Business and the Making of American Gun Culture,16.81,07-08-26 15:10:05
654,The Geography of Bliss: One Grump's Search for the Happiest Places in the World,28.23,07-08-26 15:10:05
655,The Demonists (Demonist #1),52.11,07-08-26 15:10:05
656,"The Demon Prince of Momochi House, Vol. 4 (The Demon Prince of Momochi House #4)",27.88,07-08-26 15:10:05
657,The Bone Hunters (Lexy Vaughan & Steven Macaulay #2),59.71,07-08-26 15:10:05
658,The Beast (Black Dagger Brotherhood #14),46.08,07-08-26 15:10:05
659,Some Women,13.73,07-08-26 15:10:05
660,Shopaholic Ties the Knot (Shopaholic #3),48.39,07-08-26 15:10:06
661,Paper and Fire (The Great Library #2),49.45,07-08-26 15:10:06
662,Outlander (Outlander #1),19.67,07-08-26 15:10:06
663,"Orchestra of Exiles: The Story of Bronislaw Huberman, the Israel Philharmonic, and the One Thousand Jews He Saved from Nazi Horrors",12.36,07-08-26 15:10:06
664,No One Here Gets Out Alive,20.02,07-08-26 15:10:06
665,Night Shift (Night Shift #1-20),12.75,07-08-26 15:10:06
666,Needful Things,47.51,07-08-26 15:10:06
667,Mockingjay (The Hunger Games #3),20.44,07-08-26 15:10:06
668,Misery,34.79,07-08-26 15:10:06
669,Little Women (Little Women #1),28.07,07-08-26 15:10:06
670,It,25.01,07-08-26 15:10:06
671,Harry Potter and the Sorcerer's Stone (Harry Potter #1),13.9,07-08-26 15:10:06
672,Harry Potter and the Prisoner of Azkaban (Harry Potter #3),24.17,07-08-26 15:10:06
673,Harry Potter and the Order of the Phoenix (Harry Potter #5),31.63,07-08-26 15:10:06
674,Harry Potter and the Half-Blood Prince (Harry Potter #6),48.75,07-08-26 15:10:06
675,Harry Potter and the Chamber of Secrets (Harry Potter #2),14.74,07-08-26 15:10:06
676,Gone with the Wind,32.49,07-08-26 15:10:06
677,God Is Not Great: How Religion Poisons Everything,27.8,07-08-26 15:10:06
678,Girl With a Pearl Earring,26.77,07-08-26 15:10:06
679,"Fruits Basket, Vol. 4 (Fruits Basket #4)",50.44,07-08-26 15:10:06
680,Far From True (Promise Falls Trilogy #2),34.93,07-08-26 15:10:06
681,Dark Lover (Black Dagger Brotherhood #1),12.87,07-08-26 15:10:06
682,Confessions of a Shopaholic (Shopaholic #1),48.94,07-08-26 15:10:06
683,Changing the Game (Play by Play #2),13.38,07-08-26 15:10:06
684,Candide,58.63,07-08-26 15:10:06
685,Can You Keep a Secret?,21.94,07-08-26 15:10:06
686,Atlas Shrugged,26.58,07-08-26 15:10:06
687,Animal Farm,57.22,07-08-26 15:10:06
688,A Walk to Remember,56.43,07-08-26 15:10:06
689,A New Earth: Awakening to Your Life's Purpose,55.65,07-08-26 15:10:06
690,"A History of God: The 4,000-Year Quest of Judaism, Christianity, and Islam",27.62,07-08-26 15:10:06
691,'Salem's Lot,49.56,07-08-26 15:10:06
692,Zero History (Blue Ant #3),34.77,07-08-26 15:10:06
693,Wuthering Heights,17.73,07-08-26 15:10:06
694,World War Z: An Oral History of the Zombie War,21.8,07-08-26 15:10:06
695,Wild: From Lost to Found on the Pacific Crest Trail,46.02,07-08-26 15:10:06
696,"Where'd You Go, Bernadette",18.13,07-08-26 15:10:06
697,When You Are Engulfed in Flames,30.89,07-08-26 15:10:06
698,We the People: The Modern-Day Figures Who Have Reshaped and Affirmed the Founding Fathers' Vision of America,31.95,07-08-26 15:10:06
699,We Are All Completely Beside Ourselves,24.04,07-08-26 15:10:06
700,Walk the Edge (Thunder Road #2),32.36,07-08-26 15:10:07
701,Voyager (Outlander #3),21.07,07-08-26 15:10:07
702,Very Good Lives: The Fringe Benefits of Failure and the Importance of Imagination,50.66,07-08-26 15:10:07
703,Vegan Vegetarian Omnivore: Dinner for Everyone at the Table,13.66,07-08-26 15:10:07
704,"Unstuffed: Decluttering Your Home, Mind, and Soul",58.09,07-08-26 15:10:07
705,Under the Banner of Heaven: A Story of Violent Faith,30.0,07-08-26 15:10:07
706,Two Boys Kissing,32.74,07-08-26 15:10:07
707,Twilight (Twilight #1),41.93,07-08-26 15:10:07
708,Twenties Girl,42.8,07-08-26 15:10:07
709,"Trespassing Across America: One Man's Epic, Never-Done-Before (and Sort of Illegal) Hike Across the Heartland",53.51,07-08-26 15:10:07
710,Three-Martini Lunch,23.21,07-08-26 15:10:07
711,"Thinking, Fast and Slow",21.14,07-08-26 15:10:07
712,The Wild Robot,56.07,07-08-26 15:10:07
713,"The Wicked + The Divine, Vol. 3: Commercial Suicide (The Wicked + The Divine)",14.41,07-08-26 15:10:07
714,The Undomestic Goddess,45.75,07-08-26 15:10:07
715,The Travelers,15.77,07-08-26 15:10:07
716,The Tipping Point: How Little Things Can Make a Big Difference,10.02,07-08-26 15:10:07
717,The Thing About Jellyfish,48.77,07-08-26 15:10:07
718,The Stand,57.86,07-08-26 15:10:07
719,The Smitten Kitchen Cookbook,23.59,07-08-26 15:10:07
720,The Silkworm (Cormoran Strike #2),23.05,07-08-26 15:10:08
721,"The Sandman, Vol. 3: Dream Country (The Sandman (volumes) #3)",55.55,07-08-26 15:10:08
722,The Rose & the Dagger (The Wrath and the Dawn #2),58.64,07-08-26 15:10:08
723,The Road to Little Dribbling: Adventures of an American in Britain (Notes From a Small Island #2),23.21,07-08-26 15:10:08
724,The Rise of Theodore Roosevelt (Theodore Roosevelt #1),42.57,07-08-26 15:10:08
725,The Restaurant at the End of the Universe (Hitchhiker's Guide to the Galaxy #2),10.92,07-08-26 15:10:08
726,The Rest Is Noise: Listening to the Twentieth Century,34.77,07-08-26 15:10:08
727,The Red Tent,35.66,07-08-26 15:10:08
728,The Purpose Driven Life: What on Earth Am I Here for?,37.19,07-08-26 15:10:08
729,The Purest Hook (Second Circle Tattoos #3),12.25,07-08-26 15:10:08
730,The Picture of Dorian Gray,29.7,07-08-26 15:10:08
731,The Paris Wife,36.8,07-08-26 15:10:08
732,The Obsession,45.43,07-08-26 15:10:08
733,The Nightingale,26.26,07-08-26 15:10:08
734,The New Guy (and Other Senior Year Distractions),44.92,07-08-26 15:10:08
735,The Nanny Diaries (Nanny #1),52.53,07-08-26 15:10:08
736,The Name of God is Mercy,37.25,07-08-26 15:10:08
737,The Maze Runner (The Maze Runner #1),20.93,07-08-26 15:10:08
738,The Lover's Dictionary,58.09,07-08-26 15:10:08
739,The Lonely Ones,43.59,07-08-26 15:10:08
740,The Lean Startup: How Today's Entrepreneurs Use Continuous Innovation to Create Radically Successful Businesses,33.92,07-08-26 15:10:08
741,The Last Painting of Sara de Vos,55.55,07-08-26 15:10:08
742,"The Land of 10,000 Madonnas",29.64,07-08-26 15:10:08
743,The Infinities,27.41,07-08-26 15:10:08
744,The Husband's Secret,52.51,07-08-26 15:10:08
745,The Hitchhiker's Guide to the Galaxy (Hitchhiker's Guide to the Galaxy #1),47.8,07-08-26 15:10:08
746,The Guns of August,14.54,07-08-26 15:10:08
747,The Guernsey Literary and Potato Peel Pie Society,49.53,07-08-26 15:10:08
748,The Goldfinch,43.58,07-08-26 15:10:08
749,The Giver (The Giver Quartet #1),12.3,07-08-26 15:10:08
750,The Girl with All the Gifts,49.47,07-08-26 15:10:08
751,The Girl Who Played with Fire (Millennium Trilogy #2),22.14,07-08-26 15:10:08
752,The Girl Who Kicked the Hornet's Nest (Millennium Trilogy #3),57.48,07-08-26 15:10:08
753,The Exiled,43.45,07-08-26 15:10:08
754,"The End of Faith: Religion, Terror, and the Future of Reason",22.13,07-08-26 15:10:08
755,"The Elegant Universe: Superstrings, Hidden Dimensions, and the Quest for the Ultimate Theory",13.03,07-08-26 15:10:08
756,"The Disappearing Spoon: And Other True Tales of Madness, Love, and the History of the World from the Periodic Table of the Elements",57.35,07-08-26 15:10:08
757,The Devil Wears Prada (The Devil Wears Prada #1),44.29,07-08-26 15:10:08
758,The Demon-Haunted World: Science as a Candle in the Dark,52.25,07-08-26 15:10:08
759,The Day the Crayons Came Home (Crayons),26.33,07-08-26 15:10:08
760,The Da Vinci Code (Robert Langdon #2),22.96,07-08-26 15:10:09
761,The Cuckoo's Calling (Cormoran Strike #1),19.21,07-08-26 15:10:09
762,The Complete Stories and Poems (The Works of Edgar Allan Poe [Cameo Edition]),26.78,07-08-26 15:10:09
763,The Complete Poems,41.32,07-08-26 15:10:09
764,The Catcher in the Rye,24.55,07-08-26 15:10:09
765,The Cat in the Hat (Beginner Books B-1),16.26,07-08-26 15:10:09
766,The Case for Christ (Cases for Christianity),47.84,07-08-26 15:10:09
767,The Book Thief,53.49,07-08-26 15:10:09
768,The Book of Basketball: The NBA According to The Sports Guy,44.84,07-08-26 15:10:09
769,The Blind Side: Evolution of a Game,53.71,07-08-26 15:10:09
770,The Autobiography of Malcolm X,23.43,07-08-26 15:10:09
771,"The Art of Simple Food: Notes, Lessons, and Recipes from a Delicious Revolution",34.32,07-08-26 15:10:09
772,The Art of Fielding,22.1,07-08-26 15:10:09
773,"Surely You're Joking, Mr. Feynman!: Adventures of a Curious Character",25.83,07-08-26 15:10:09
774,Stiff: The Curious Lives of Human Cadavers,36.74,07-08-26 15:10:09
775,Spilled Milk: Based on a True Story,49.51,07-08-26 15:10:09
776,Something Borrowed (Darcy & Rachel #1),48.96,07-08-26 15:10:09
777,Something Blue (Darcy & Rachel #2),54.62,07-08-26 15:10:09
778,Soldier (Talon #3),24.72,07-08-26 15:10:09
779,Shopaholic & Baby (Shopaholic #5),46.45,07-08-26 15:10:09
780,Seven Days in the Art World,52.33,07-08-26 15:10:10
781,Seven Brief Lessons on Physics,30.6,07-08-26 15:10:10
782,Scarlet (The Lunar Chronicles #2),14.57,07-08-26 15:10:10
783,Sarah's Key,46.29,07-08-26 15:10:10
784,"Saga, Volume 3 (Saga (Collected Editions) #3)",21.57,07-08-26 15:10:10
785,Running with Scissors,12.91,07-08-26 15:10:10
786,Rogue Lawyer (Rogue Lawyer #1),50.11,07-08-26 15:10:10
787,"Rise of the Rocket Girls: The Women Who Propelled Us, from Missiles to the Moon to Mars",41.67,07-08-26 15:10:10
788,Rework,44.88,07-08-26 15:10:10
789,Reservations for Two,11.1,07-08-26 15:10:10
790,Red: The True Story of Red Riding Hood,28.54,07-08-26 15:10:10
791,Ready Player One,19.07,07-08-26 15:10:10
792,Quiet: The Power of Introverts in a World That Can't Stop Talking,43.55,07-08-26 15:10:10
793,Prodigy: The Graphic Novel (Legend: The Graphic Novel #2),43.63,07-08-26 15:10:10
794,Persepolis: The Story of a Childhood (Persepolis #1-2),39.13,07-08-26 15:10:10
795,Packing for Mars: The Curious Science of Life in the Void,56.68,07-08-26 15:10:10
796,Outliers: The Story of Success,14.16,07-08-26 15:10:10
797,Original Fake,31.45,07-08-26 15:10:10
798,Orange Is the New Black,24.61,07-08-26 15:10:10
799,One for the Money (Stephanie Plum #1),32.87,07-08-26 15:10:10
800,Notes from a Small Island (Notes From a Small Island #1),40.17,07-08-26 15:10:10
801,Night (The Night Trilogy #1),13.51,07-08-26 15:10:10
802,Neither Here nor There: Travels in Europe,38.95,07-08-26 15:10:10
803,Naked,31.69,07-08-26 15:10:10
804,Morning Star (Red Rising #3),29.4,07-08-26 15:10:10
805,"Miracles from Heaven: A Little Girl, Her Journey to Heaven, and Her Amazing Story of Healing",57.83,07-08-26 15:10:10
806,Midnight Riot (Peter Grant/ Rivers of London - books #1),55.46,07-08-26 15:10:10
807,Me Talk Pretty One Day,57.6,07-08-26 15:10:10
808,Manuscript Found in Accra,34.98,07-08-26 15:10:10
809,Lust & Wonder,11.87,07-08-26 15:10:10
810,Lila (Gilead #3),12.47,07-08-26 15:10:10
811,"Life, the Universe and Everything (Hitchhiker's Guide to the Galaxy #3)",33.26,07-08-26 15:10:10
812,Life Without a Recipe,59.04,07-08-26 15:10:10
813,Life After Life,26.13,07-08-26 15:10:10
814,Letter to a Christian Nation,22.2,07-08-26 15:10:10
815,Let's Pretend This Never Happened: A Mostly True Memoir,45.11,07-08-26 15:10:10
816,Legend (Legend #1),43.69,07-08-26 15:10:10
817,"Lean In: Women, Work, and the Will to Lead",25.02,07-08-26 15:10:10
818,"Lamb: The Gospel According to Biff, Christ's Childhood Pal",55.5,07-08-26 15:10:10
819,Lady Renegades (Rebel Belle #3),53.04,07-08-26 15:10:10
820,Jurassic Park (Jurassic Park #1),44.97,07-08-26 15:10:11
821,It's Never Too Late to Begin Again: Discovering Creativity and Meaning at Midlife and Beyond,42.38,07-08-26 15:10:11
822,Is Everyone Hanging Out Without Me? (And Other Concerns),20.11,07-08-26 15:10:11
823,Into the Wild,56.7,07-08-26 15:10:11
824,Inferno (Robert Langdon #4),41.0,07-08-26 15:10:11
825,"In the Garden of Beasts: Love, Terror, and an American Family in Hitler's Berlin",28.85,07-08-26 15:10:11
826,If I Run (If I Run #1),49.97,07-08-26 15:10:11
827,I've Got Your Number,19.69,07-08-26 15:10:11
828,I Am Malala: The Girl Who Stood Up for Education and Was Shot by the Taliban,28.88,07-08-26 15:10:11
829,Hungry Girl Clean & Hungry: Easy All-Natural Recipes for Healthy Eating in the Real World,33.14,07-08-26 15:10:11
830,"House of Lost Worlds: Dinosaurs, Dynasties, and the Story of Life on Earth",43.7,07-08-26 15:10:11
831,House of Leaves,54.89,07-08-26 15:10:11
832,Horrible Bear!,37.52,07-08-26 15:10:11
833,Holidays on Ice,51.07,07-08-26 15:10:11
834,Heir to the Sky,44.07,07-08-26 15:10:11
835,Green Eggs and Ham (Beginner Books B-16),10.79,07-08-26 15:10:11
836,"Grayson, Vol 3: Nemesis (Grayson #3)",42.72,07-08-26 15:10:11
837,Gratitude,26.66,07-08-26 15:10:11
838,Gone Girl,37.6,07-08-26 15:10:11
839,Golden (Heart of Dread #3),42.21,07-08-26 15:10:11
840,Girl in the Blue Coat,46.83,07-08-26 15:10:12
841,"Fruits Basket, Vol. 3 (Fruits Basket #3)",45.17,07-08-26 15:10:12
842,"Friday Night Lights: A Town, a Team, and a Dream",51.22,07-08-26 15:10:12
843,Fire Bound (Sea Haven/Sisters of the Heart #5),21.28,07-08-26 15:10:12
844,Fifty Shades Freed (Fifty Shades #3),15.36,07-08-26 15:10:12
845,Fellside,38.62,07-08-26 15:10:12
846,Extreme Prey (Lucas Davenport #26),25.4,07-08-26 15:10:12
847,Eragon (The Inheritance Cycle #1),43.87,07-08-26 15:10:12
848,Eclipse (Twilight #3),18.74,07-08-26 15:10:12
849,Dune (Dune #1),54.86,07-08-26 15:10:12
850,Dracula,52.62,07-08-26 15:10:12
851,Do Androids Dream of Electric Sheep? (Blade Runner #1),51.48,07-08-26 15:10:12
852,Disrupted: My Misadventure in the Start-Up Bubble,15.28,07-08-26 15:10:12
853,Dead Wake: The Last Crossing of the Lusitania,39.24,07-08-26 15:10:12
854,"David and Goliath: Underdogs, Misfits, and the Art of Battling Giants",17.81,07-08-26 15:10:12
855,Darkfever (Fever #1),56.02,07-08-26 15:10:12
856,Dark Places,23.9,07-08-26 15:10:12
857,Crazy Rich Asians (Crazy Rich Asians #1),49.13,07-08-26 15:10:12
858,Counting Thyme,10.62,07-08-26 15:10:12
859,Cosmos,36.17,07-08-26 15:10:12
860,Civilization and Its Discontents,59.95,07-08-26 15:10:12
861,Cinder (The Lunar Chronicles #1),26.09,07-08-26 15:10:12
862,Catastrophic Happiness: Finding Joy in Childhood's Messy Years,37.35,07-08-26 15:10:12
863,Career of Evil (Cormoran Strike #3),24.72,07-08-26 15:10:12
864,Breaking Dawn (Twilight #4),35.28,07-08-26 15:10:12
865,Brave Enough,51.32,07-08-26 15:10:12
866,Boy Meets Boy,21.12,07-08-26 15:10:12
867,"Born to Run: A Hidden Tribe, Superathletes, and the Greatest Race the World Has Never Seen",27.35,07-08-26 15:10:12
868,Blink: The Power of Thinking Without Thinking,21.74,07-08-26 15:10:12
869,Black Flags: The Rise of ISIS,40.87,07-08-26 15:10:12
870,"Black Butler, Vol. 1 (Black Butler #1)",49.31,07-08-26 15:10:12
871,Big Little Lies,22.11,07-08-26 15:10:12
872,Between Shades of Gray,20.79,07-08-26 15:10:12
873,Best of My Love (Fool's Gold #20),27.41,07-08-26 15:10:12
874,Beowulf,38.35,07-08-26 15:10:12
875,Beautiful Creatures (Caster Chronicles #1),21.55,07-08-26 15:10:12
876,Awkward,38.02,07-08-26 15:10:12
877,Ash,22.06,07-08-26 15:10:12
878,Are We There Yet?,10.66,07-08-26 15:10:12
879,Are We Smart Enough to Know How Smart Animals Are?,56.58,07-08-26 15:10:12
880,Annie on My Mind,36.83,07-08-26 15:10:13
881,And Then There Were None,35.01,07-08-26 15:10:13
882,A Walk in the Woods: Rediscovering America on the Appalachian Trail,30.48,07-08-26 15:10:13
883,A Visit from the Goon Squad,14.08,07-08-26 15:10:13
884,A Storm of Swords (A Song of Ice and Fire #3),31.22,07-08-26 15:10:13
885,A Heartbreaking Work of Staggering Genius,54.29,07-08-26 15:10:13
886,8 Keys to Mental Health Through Exercise,31.04,07-08-26 15:10:13
887,#GIRLBOSS,50.96,07-08-26 15:10:13
888,"The Suffragettes (Little Black Classics, #96)",11.89,07-08-26 15:10:13
889,The Sense of an Ending,31.38,07-08-26 15:10:13
890,"The Sandman, Vol. 2: The Doll's House (The Sandman (volumes) #2)",54.81,07-08-26 15:10:13
891,The Course of Love,16.78,07-08-26 15:10:13
892,Sugar Rush (Offensive Line #2),24.42,07-08-26 15:10:13
893,"Saga, Volume 2 (Saga (Collected Editions) #2)",11.75,07-08-26 15:10:13
894,"Run, Spot, Run: The Ethics of Keeping Pets",20.02,07-08-26 15:10:13
895,New Moon (Twilight #2),12.86,07-08-26 15:10:13
896,Life,31.58,07-08-26 15:10:13
897,Kindle Paperwhite User's Guide,34.0,07-08-26 15:10:13
898,H is for Hawk,57.42,07-08-26 15:10:13
899,Girl Online On Tour (Girl Online #2),53.47,07-08-26 15:10:13
900,"Fruits Basket, Vol. 2 (Fruits Basket #2)",11.64,07-08-26 15:10:14
901,Diary of a Minecraft Zombie Book 1: A Scare of a Dare (An Unofficial Minecraft Book),52.88,07-08-26 15:10:14
902,"Y: The Last Man, Vol. 1: Unmanned (Y: The Last Man #1)",18.51,07-08-26 15:10:14
903,While You Were Mine,41.32,07-08-26 15:10:14
904,Where Lightning Strikes (Bleeding Stars #3),39.77,07-08-26 15:10:14
905,When I'm Gone,51.96,07-08-26 15:10:14
906,Ways of Seeing,39.51,07-08-26 15:10:14
907,"Vampire Knight, Vol. 1 (Vampire Knight #1)",15.4,07-08-26 15:10:14
908,Vampire Girl (Vampire Girl #1),53.82,07-08-26 15:10:14
909,Twenty Love Poems and a Song of Despair,30.95,07-08-26 15:10:14
910,Travels with Charley: In Search of America,57.82,07-08-26 15:10:14
911,Three Wishes (River of Time: California #1),44.18,07-08-26 15:10:14
912,This One Moment (Pushing Limits #1),48.71,07-08-26 15:10:14
913,The Zombie Room,19.69,07-08-26 15:10:14
914,"The Wicked + The Divine, Vol. 1: The Faust Act (The Wicked + The Divine)",36.52,07-08-26 15:10:14
915,The Tumor,41.56,07-08-26 15:10:14
916,The Story of Hong Gildong,43.19,07-08-26 15:10:14
917,The Silent Wife,12.34,07-08-26 15:10:14
918,The Silent Twin (Detective Jennifer Knight #3),36.25,07-08-26 15:10:14
919,The Selfish Gene,29.45,07-08-26 15:10:14
920,The Secret Healer,34.56,07-08-26 15:10:15
921,"The Sandman, Vol. 1: Preludes and Nocturnes (The Sandman (volumes) #1)",54.12,07-08-26 15:10:15
922,The Republic,33.78,07-08-26 15:10:15
923,The Odyssey,29.64,07-08-26 15:10:15
924,The No. 1 Ladies' Detective Agency (No. 1 Ladies' Detective Agency #1),57.7,07-08-26 15:10:15
925,The Nicomachean Ethics,36.34,07-08-26 15:10:15
926,The Name of the Wind (The Kingkiller Chronicle #1),50.59,07-08-26 15:10:15
927,The Mirror & the Maze (The Wrath and the Dawn #1.5),29.38,07-08-26 15:10:15
928,The Little Prince,45.42,07-08-26 15:10:15
929,The Light of the Fireflies,54.43,07-08-26 15:10:15
930,The Last Girl (The Dominion Trilogy #1),36.26,07-08-26 15:10:15
931,The Iliad,16.16,07-08-26 15:10:15
932,The Hook Up (Game On #1),36.29,07-08-26 15:10:15
933,The Haters,27.89,07-08-26 15:10:15
934,The Girl You Lost,12.29,07-08-26 15:10:15
935,The Girl In The Ice (DCI Erika Foster #1),15.85,07-08-26 15:10:15
936,The End of the Jesus Era (An Investigation #1),14.4,07-08-26 15:10:15
937,The Edge of Reason (Bridget Jones #2),19.18,07-08-26 15:10:15
938,The Complete Maus (Maus #1-2),10.64,07-08-26 15:10:15
939,The Communist Manifesto,14.76,07-08-26 15:10:15
940,The Bhagavad Gita,57.49,07-08-26 15:10:15
941,The Bette Davis Club,30.66,07-08-26 15:10:15
942,The Art of Not Breathing,40.83,07-08-26 15:10:15
943,Taking Shots (Assassins #1),18.88,07-08-26 15:10:15
944,Starlark,25.83,07-08-26 15:10:15
945,"Skip Beat!, Vol. 01 (Skip Beat! #1)",42.12,07-08-26 15:10:15
946,Sister Sable (The Mad Queen #1),13.33,07-08-26 15:10:15
947,Shatter Me (Shatter Me #1),42.4,07-08-26 15:10:15
948,Shameless,58.35,07-08-26 15:10:15
949,Shadow Rites (Jane Yellowrock #10),21.72,07-08-26 15:10:15
950,Settling the Score (The Summer Games #1),44.91,07-08-26 15:10:15
951,Sense and Sensibility,37.46,07-08-26 15:10:15
952,"Saga, Volume 1 (Saga (Collected Editions) #1)",28.48,07-08-26 15:10:15
953,"Rhythm, Chord & Malykhin",28.34,07-08-26 15:10:15
954,"Rat Queens, Vol. 1: Sass & Sorcery (Rat Queens (Collected Editions) #1-5)",46.96,07-08-26 15:10:15
955,Paradise Lost (Paradise #1),24.96,07-08-26 15:10:15
956,"Paper Girls, Vol. 1 (Paper Girls #1-5)",21.71,07-08-26 15:10:15
957,"Ouran High School Host Club, Vol. 1 (Ouran High School Host Club #1)",29.87,07-08-26 15:10:15
958,Origins (Alphas 0.5),28.99,07-08-26 15:10:15
959,One Second (Seven #7),52.94,07-08-26 15:10:15
960,On the Road (Duluoz Legend),32.36,07-08-26 15:10:16
961,Old Records Never Die: One Man's Quest for His Vinyl and His Past,55.66,07-08-26 15:10:16
962,Off Sides (Off #1),39.45,07-08-26 15:10:16
963,Of Mice and Men,47.11,07-08-26 15:10:16
964,Myriad (Prentor #1),58.75,07-08-26 15:10:16
965,My Perfect Mistake (Over the Top #1),38.92,07-08-26 15:10:16
966,"Ms. Marvel, Vol. 1: No Normal (Ms. Marvel (2014-2015) #1)",39.39,07-08-26 15:10:16
967,Meditations,25.89,07-08-26 15:10:16
968,Matilda,28.34,07-08-26 15:10:16
969,Lost Among the Living,27.7,07-08-26 15:10:16
970,Lord of the Flies,24.89,07-08-26 15:10:16
971,Listen to Me (Fusion #1),58.99,07-08-26 15:10:16
972,Kitchens of the Great Midwest,57.2,07-08-26 15:10:16
973,Jane Eyre,38.43,07-08-26 15:10:16
974,Imperfect Harmony,34.74,07-08-26 15:10:16
975,Icing (Aces Hockey #2),40.44,07-08-26 15:10:16
976,"Hawkeye, Vol. 1: My Life as a Weapon (Hawkeye #1)",45.24,07-08-26 15:10:16
977,Having the Barbarian's Baby (Ice Planet Barbarians #7.5),34.96,07-08-26 15:10:16
978,"Giant Days, Vol. 1 (Giant Days #1-4)",56.76,07-08-26 15:10:16
979,"Fruits Basket, Vol. 1 (Fruits Basket #1)",40.28,07-08-26 15:10:16
980,Frankenstein,38.0,07-08-26 15:10:17
981,Forever Rockers (The Rocker #12),28.8,07-08-26 15:10:17
982,Fighting Fate (Fighting #6),39.24,07-08-26 15:10:17
983,Emma,32.93,07-08-26 15:10:17
984,"Eat, Pray, Love",51.32,07-08-26 15:10:17
985,Deep Under (Walker Security #1),47.09,07-08-26 15:10:17
986,Choosing Our Religion: The Spiritual Lives of America's Nones,28.42,07-08-26 15:10:17
987,Charlie and the Chocolate Factory (Charlie Bucket #1),22.85,07-08-26 15:10:17
988,Charity's Cross (Charles Towne Belles #4),41.24,07-08-26 15:10:17
989,Bright Lines,39.07,07-08-26 15:10:17
990,Bridget Jones's Diary (Bridget Jones #1),29.82,07-08-26 15:10:17
991,Bounty (Colorado Mountain #7),37.26,07-08-26 15:10:17
992,Blood Defense (Samantha Brinkman #1),20.3,07-08-26 15:10:17
993,"Bleach, Vol. 1: Strawberry and the Soul Reapers (Bleach #1)",34.65,07-08-26 15:10:17
994,Beyond Good and Evil,43.38,07-08-26 15:10:17
995,Alice in Wonderland (Alice's Adventures in Wonderland #1),55.53,07-08-26 15:10:17
996,"Ajin: Demi-Human, Volume 1 (Ajin: Demi-Human #1)",57.06,07-08-26 15:10:17
997,A Spy's Devotion (The Regency Spies of London #1),16.97,07-08-26 15:10:17
998,1st to Die (Women's Murder Club #1),53.98,07-08-26 15:10:17
999,"1,000 Places to See Before You Die",26.08,07-08-26 15:10:17
